﻿<?xml version="1.0" encoding="utf-8" ?>
<InAISetting>
  <MapStochNum>库存编号</MapStochNum>
  <MapPartName>零件代号</MapPartName>
  <MapPartNum>成本中心</MapPartNum>
  <Map_Vendor>供应商</Map_Vendor>
  <MapMirStochNum>对称件代号</MapMirStochNum>
  <MapMirPartName>对称件名称</MapMirPartName>
  <MapDrawingScale>比例</MapDrawingScale>
  <IsSetDrawingScale>1</IsSetDrawingScale>
  <MapMass>质量</MapMass>
  <IsSetMass>1</IsSetMass>
  <MapPrintDay>打印日期</MapPrintDay>
  <IsOpenPrint>1</IsOpenPrint>
  <EngineerName></EngineerName>
  <IsDayAndName>-1</IsDayAndName>
  <BOMTiTle>库存编号|成本中心|零件代号|材料|质量|所属装配代号|数量|总数量|描述|供应商</BOMTiTle>
  <Mass_Accuracy>2</Mass_Accuracy>
  <Area_Accuracy>4</Area_Accuracy>
  <CheckUpdate>1</CheckUpdate>
  <Excel_File_Name></Excel_File_Name>
  <Sheet_Name>物料</Sheet_Name>
  <Table_Array>D,E,F</Table_Array>
  <Col_Index_Num>C</Col_Index_Num>
</InAISetting>